{"acc":{"0":0.2121835443,"1":0.5033755274,"2":0.6603375527,"3":0.7344409283,"4":0.7800105485,"5":0.8015295359,"6":0.8171940928,"7":0.8282700422,"8":0.8411392405,"9":0.8519514768,"10":0.8622362869,"11":0.8632383966,"12":0.8674578059,"13":0.8676687764,"14":0.8742616034,"15":0.879535865,"16":0.8796901349,"17":0.8845016892,"18":0.8819092827,"19":0.8858122363,"20":0.892035865,"21":0.8864978903,"22":0.8916666667,"23":0.8922468354,"24":0.8952004219,"25":0.8937763713,"26":0.895464135,"27":0.896149789,"28":0.8943037975,"29":0.8989978903,"30":0.8988396624,"31":0.8951476793,"32":0.8951476793,"33":0.8998945148,"34":0.9017932489,"35":0.9021097046,"36":0.9025316456,"37":0.903850211,"38":0.9014544688,"39":0.9017630912,"40":0.8985759494,"41":0.9011603376,"42":0.9021624473,"43":0.8992088608,"44":0.9078059072,"45":0.901371308,"46":0.9049578059,"47":0.9044831224,"48":0.9023734177,"49":0.9035864979},"loss":{"0":2.510453288,"1":1.6055108212,"2":1.1301456208,"3":0.881435823,"4":0.7506733887,"5":0.6741433043,"6":0.6301764282,"7":0.5817661782,"8":0.5369681974,"9":0.5110971199,"10":0.4713956179,"11":0.4760423628,"12":0.4591432853,"13":0.4619296576,"14":0.4285066872,"15":0.4221659246,"16":0.417929031,"17":0.4050678594,"18":0.4129320861,"19":0.4001598152,"20":0.3850277918,"21":0.3979894208,"22":0.3813966714,"23":0.3859156784,"24":0.3738507625,"25":0.3805983339,"26":0.3624948425,"27":0.3652468635,"28":0.3756060526,"29":0.3572505445,"30":0.3641728973,"31":0.3697201043,"32":0.382130397,"33":0.3537144128,"34":0.3536818164,"35":0.3537760557,"36":0.3495705066,"37":0.3448507945,"38":0.3623964162,"39":0.3507339891,"40":0.3684368937,"41":0.3612404252,"42":0.3561479937,"43":0.3666043397,"44":0.3281095911,"45":0.3640012055,"46":0.347445159,"47":0.3396459026,"48":0.3501722868,"49":0.3446025233},"val_acc":{"0":0.474537037,"1":0.6747685185,"2":0.7696759259,"3":0.8425925926,"4":0.849537037,"5":0.8796296296,"6":0.8993055556,"7":0.8912037037,"8":0.8784722222,"9":0.8993055556,"10":0.9143518519,"11":0.9224537037,"12":0.8981481481,"13":0.9409722222,"14":0.9293981481,"15":0.9340277778,"16":0.9386574074,"17":0.9421296296,"18":0.9513888889,"19":0.9328703704,"20":0.9456018519,"21":0.9571759259,"22":0.9548611111,"23":0.9537037037,"24":0.9375,"25":0.9525462963,"26":0.9525462963,"27":0.9328703704,"28":0.9386574074,"29":0.931712963,"30":0.9293981481,"31":0.9456018519,"32":0.9513888889,"33":0.9525462963,"34":0.9606481481,"35":0.9386574074,"36":0.9456018519,"37":0.9537037037,"38":0.9490740741,"39":0.943287037,"40":0.943287037,"41":0.9548611111,"42":0.9351851852,"43":0.931712963,"44":0.943287037,"45":0.9548611111,"46":0.9652777778,"47":0.9525462963,"48":0.9583333333,"49":0.9583333333},"val_loss":{"0":1.8370054695,"1":1.0548191534,"2":0.7279394655,"3":0.5472356578,"4":0.5277827189,"5":0.4386703681,"6":0.3632875706,"7":0.3739229848,"8":0.4134329929,"9":0.3092838066,"10":0.3213929553,"11":0.2563306011,"12":0.3596010078,"13":0.2279299256,"14":0.2399630567,"15":0.223120636,"16":0.2070582443,"17":0.2058796942,"18":0.1694705001,"19":0.193668723,"20":0.169549469,"21":0.1518934535,"22":0.159365639,"23":0.179212177,"24":0.2073515167,"25":0.169373274,"26":0.16456077,"27":0.2244129762,"28":0.173243098,"29":0.1976788904,"30":0.1990721322,"31":0.1754496599,"32":0.1785545365,"33":0.1787697147,"34":0.1362653667,"35":0.1843767373,"36":0.1766478065,"37":0.1477685867,"38":0.1720123339,"39":0.1839697268,"40":0.2001924157,"41":0.1578270744,"42":0.230274305,"43":0.2084352856,"44":0.1828019294,"45":0.1503063901,"46":0.1326978517,"47":0.1680859973,"48":0.1464576357,"49":0.1333113835}}